{
  "$schema": "http://json-schema.org/draft-06/schema#",
  "id": "auth",
  "title": "authorization",
  "description": "An authorization from CAS",
  "type": "object",
  "properties": {
    "CW": {
      "description": "CW",
      "type": "object",
      "id": "CW",
      "properties": {
        "TID8583": {
          "description": "The unique identifier for a transaction",
          "type": "string",
          "id": "TID8583"
        },
        "DGOD": {
          "id": "DGOD",
          "type": "string",
          "maxLength": 8,
          "description": "AUTHORIZATION DATE (MST)"
        },
        "TMOFDYIN": {
          "id": "TMOFDYIN",
          "type": "string",
          "maxLength": 6,
          "description": "AUTHORIZATION TIME (MST)"
        },
        "APPDENY": {
          "id": "APPDENY",
          "type": "string",
          "maxLength": 1,
          "description": "Approval/Deny Code - For Rule A1/C1"
        },
        "LSEQ_NO": {
          "description": "LSEQNO - used to derive the cas key",
          "type": "string",
          "maxLength": 10,
          "maximum": 4294967295,
          "id": "LSEQ_NO"
        },
        "TRNSDTTM": {
          "description": "TRNSDTTM  - used to derive the cas key",
          "type": "string",
          "maxLength": 23,
          "id": "TRNSDTTM"
        },
        "SRCTYPE": {
          "description": "Voice Auth Indicator",
          "type": "string",
          "maxLength": 1,
          "id": "SRCTYPE"
        }
      }
    },
    "IS": {
      "description": "IS",
      "type": "object",
      "id": "IS",
      "properties": {
        "LACCT19": {
          "description": "19 DIGIT ISO ACCOUNT NUMBER ",
          "type": "string",
          "maxLength": 19,
          "id": "LACCT19"
        },
        "AMOUNT": {
          "id": "AMOUNT",
          "type": "string",
          "maxLength": 13,
          "maximum": 9999999999.99,
          "description": "12 digit ISO dollar amount"
        },
        "SE_NUM15": {
          "id": "SE_NUM15",
          "type": "string",
          "maxLength": 15,
          "description": "Authorizing SE number"
        },
        "DF61EC1": {
          "description": "DF61EC1 - ECI indicator",
          "type": "string",
          "maxLength": 2,
          "id": "DF61EC1"
        },
        "CRRNTYP": {
          "id": "CRRNTYP",
          "type": "string",
          "maxLength": 3,
          "description": "ALPHA S/E CURRENCY CODE  L7DCID"
        },
        "B55PDCAC": {
          "description": "B55PDCAC - POS data code for all types of authorization",
          "type": "string",
          "maxLength": 12,
          "id": "B55PDCAC"
        }
      }

    },

    "CC": {
      "description": "CC",
      "type": "object",
      "id": "CC",
      "properties": {
        "CONV_AMT": {
          "id": "CONV_AMT",
          "type": "string",
          "maxLength": 14,
          "maximum": 9999999999.999,
          "description": "foreign currency amount"
        },
        "OMCC": {
          "description": "OMCC - original MCC from auth request",
          "type": "string",
          "maxLength": 4,
          "id": "OMCC"
        },
        "MGSTRPCD": {
          "id": "MGSTRPCD",
          "type": "string",
          "maxLength": 1,
          "description": "Mag stripe code"
        }
      }
    },


    "RR": {
      "description": "RR",
      "type": "object",
      "id": "RR",
      "properties": {
        "APPRVLCD": {
          "id": "APPRVLCD",
          "type": "string",
          "maxLength": 2,
          "description": "AUTH 2 DAC"
        },
        "APRVCD": {
          "id": "APRVCD",
          "type": "string",
          "maxLength": 6,
          "description": "AUTH 6 DAC"
        }

      }
    },



    "DX": {
      "description": "DX",
      "type": "object",
      "id": "DX",
      "properties": {
        "SE_TYPE": {
          "description": "SE TYPE",
          "type": "string",
          "maxLength": 1,
          "id": "lwrdx_7ksep"
        },

        "JULIAN": {
          "description": "JULIAN - used to derive the cas key",
          "type": "string",
          "maxLength": 3,
          "id": "JULIAN"
        }
      }
    },



    "DW": {
      "description": "DW",
      "type": "object",
      "id": "DW",
      "properties": {
        "FWDCDE": {
          "description": "FWDCDE - fraud why denied code",
          "type": "string",
          "maxLength": 3,
          "id": "FWDCDE"
        },
        "CRWHYDND": {
          "description": "CRWHYDND - credit why denied",
          "type": "string",
          "maxLength": 3,
          "id": "CRWHYDND"
        }
      }
    },


    "S3": {
      "description": "S3",
      "type": "object",
      "id": "S3",
      "properties": {
        "AMEXMCC": {
          "id": "AMEXMCC",
          "type": "string",
          "maxLength": 4,
          "description": "Mechant Category Code"
        },
        "TCNTRYX": {
          "id": "TCNTRYX",
          "type": "string",
          "maxLength": 2,
          "description": "SE Transacting country"
        },
        "S_BFS_CD": {
          "id": "S_BFS_CD",
          "type": "string",
          "maxLength": 3,
          "description": "WORLD WIDE INDUSTRY CODE (WWIC)"
        }
      }
    },


    "AW": {
      "description": "AW",
      "type": "object",
      "id": "AW",
      "properties": {
        "FRGNIND": {
          "id": "FRGNIND",
          "type": "string",
          "maxLength": 1,
          "description": "FOREIGN SPEND INDICATOR"
        }
      }
    },


    "CX": {
      "description": "CX",
      "type": "object",
      "id": "CX",
      "properties": {
        "MGSTRPCB": {
          "id": "MGSTRPCB",
          "type": "string",
          "maxLength": 1,
          "description": "MAG STRIPE INDICATOR"
        }
      }
    },
    "GM": {
      "description": "GM",
      "type": "object",
      "id": "GM",
      "properties": {
        "NGZPRBFB": {
          "id": "NGZPRBFB",
          "type": "number",
          "maximum": 0.9999,
          "description": "PROBABILITY OF CREDIT LOSS~***   FRAU"
        }
      }
    },

    "LS": {
      "description": "LS",
      "type": "object",
      "id": "LS",
      "properties": {
        "MOTKCM15": {
          "description": "DPAN - device permanent account number",
          "type": "string",
          "maxLength": 19,
          "id": "MOTKCM15"
        },
        "STCNT1": {
          "description": "STCNT1 - Stand in indicator",
          "type": "string",
          "id": "STCNT1"
        }
      }
    },
      "overwriteIndicator": {
      "description": "Overwrite Indicator for Kafka and cassandra",
      "type": "boolean",
      "id": "OverwriteIndicator"
    }
  }
}