{
  "$schema": "http://json-schema.org/draft-04/schema#",
  "id": "nemo",
  "type": "object",
  "properties": {
    "workflow": {
      "type": "object",
      "properties": {
        "context": {
          "type": "object",
          "properties": {
            "gptn": {
              "type": "object",
              "properties": {
                "mt_norm": {
                  "type": "object",
                  "properties": {
                    "transaction": {
                      "type": "object",
                      "properties": {
                        "card_acceptor_identification_code": {
                          "type": "string"
                        },
                        "acquirer_country_code": {
                          "type": "string"
                        },
                        "merchant_category_code": {
                          "type": "string"
                        },
                        "local_date_time": {
                          "type": "string"
                        },
                        "transaction_amount": {
                          "type": "string"
                        },
                        "primary_account_number": {
                          "type": "string"
                        },
                        "transaction_currency_code": {
                          "type": "string"
                        }
                      },
                      "required": [
                        "card_acceptor_identification_code",
                        "acquirer_country_code",
                        "merchant_category_code",
                        "local_date_time",
                        "transaction_amount",
                        "primary_account_number",
                        "transaction_currency_code"
                      ]
                    }
                  },
                  "required": [
                    "transaction"
                  ]
                },
                "mt_par": {
                  "type": "object",
                  "properties": {
                    "parsed_msg": {
                      "type": "object",
                      "properties": {
                        "card_acceptor_country_code": {
                          "type": "null"
                        }
                      },
                      "required": [
                        "card_acceptor_country_code"
                      ]
                    }
                  },
                  "required": [
                    "parsed_msg"
                  ]
                }
              },
              "required": [
                "mt_norm",
                "mt_par"
              ]
            },
            "df31": {
              "type": "object",
              "properties": {
                "merge_result": {
                  "type": "object",
                  "properties": {
                    "approval_code": {
                      "type": "string"
                    },
                    "transaction_identifier": {
                      "type": "string"
                    },
                    "transaction_approve_deny_code": {
                      "type": "string"
                    }
                  },
                  "required": [
                    "approval_code",
                    "transaction_identifier",
                    "transaction_approve_deny_code"
                  ]
                }
              },
              "required": [
                "merge_result"
              ]
            }
          },
          "required": [
            "gptn",
            "df31"
          ]
        }
      },
      "required": [
        "context"
      ]
    }
  },
  "required": [
    "workflow"
  ]
}