<?xml version="1.0" encoding="UTF-8" standalone="yes"?>
<gridgain-license version="2.1">
    <id>e331af71-bb58-4efa-bf5c-1d8f2255ca9f</id>
    <issue-date>05/30/2017</issue-date>
    <maintenance-time>0</maintenance-time>
    <user-org>American Express</user-org>
    <license-note>Internal Evaluation Only</license-note>
    <user-email>faisal.mohamed@aexp.com</user-email>
    <user-name>Faisal Mohamed  </user-name>
    <version-regexp>.*8..+</version-regexp>
    <type>ENT</type>
    <expire-date>06/01/2018</expire-date>
    <max-nodes>20</max-nodes>
    <max-cpus>2400</max-cpus>
    <max-computers>0</max-computers>
    <grace-period>525600</grace-period>
    <max-uptime>0</max-uptime>
    <signature>302D02150097020BBF18684BCD0156D7E80E3C4D82479EC74B021434CAADCEC3377B344E7A7280ABD3D5C062C1A0E0</signature>
</gridgain-license>
