	{"leverage": [ 
		{ "industryCategoryCode":"227", "leveragePercent":"80", "lowerMultiplier":"0.20", "higherMultiplier":"1.05" },
		{ "industryCategoryCode":"228", "leveragePercent":"80", "lowerMultiplier":"0.20", "higherMultiplier":"1.05" },
		{ "industryCategoryCode":"872", "leveragePercent":"75", "lowerMultiplier":"0.25", "higherMultiplier":"1.05" },
		{ "industryCategoryCode":"220", "leveragePercent":"67", "lowerMultiplier":"0.33", "higherMultiplier":"1.05" },
		{ "industryCategoryCode":"75", "leveragePercent":"50", "lowerMultiplier":"0.50", "higherMultiplier":"1.05" },
		{ "industryCategoryCode":"299", "leveragePercent":"50", "lowerMultiplier":"0.50", "higherMultiplier":"1.05" },
		{ "industryCategoryCode":"397", "leveragePercent":"40", "lowerMultiplier":"0.60", "higherMultiplier":"1.05" },
		{ "industryCategoryCode":"398", "leveragePercent":"40", "lowerMultiplier":"0.60", "higherMultiplier":"1.05" },
		{ "industryCategoryCode":"157", "leveragePercent":"33", "lowerMultiplier":"0.67", "higherMultiplier":"1.05" },
		{ "industryCategoryCode":"381", "leveragePercent":"33", "lowerMultiplier":"0.67", "higherMultiplier":"1.05" },
		{ "industryCategoryCode":"10", "leveragePercent":"25", "lowerMultiplier":"0.75", "higherMultiplier":"1.05" },
		{ "industryCategoryCode":"603", "leveragePercent":"25", "lowerMultiplier":"0.75", "higherMultiplier":"1.05" },
		{ "industryCategoryCode":"712", "leveragePercent":"25", "lowerMultiplier":"0.75", "higherMultiplier":"1.05" },
		{ "industryCategoryCode":"722", "leveragePercent":"25", "lowerMultiplier":"0.75", "higherMultiplier":"1.05" },
		{ "industryCategoryCode":"200", "leveragePercent":"20 ", "lowerMultiplier":"0.80", "higherMultiplier":"1.05" },
		{ "industryCategoryCode":"170", "leveragePercent":"20", "lowerMultiplier":"0.80", "higherMultiplier":"1.05" },
		{ "industryCategoryCode":"354", "leveragePercent":"20", "lowerMultiplier":"0.80", "higherMultiplier":"1.05" },
		{ "industryCategoryCode":"Others", "leveragePercent":"15", "lowerMultiplier":"0.85", "higherMultiplier":"1.05" }
		]
	}
