<?xml version="1.0" encoding="UTF-8"?>
<beans xmlns:xsi="http://www.w3.org/2001/XMLSchema-instance"
       xmlns:context="http://www.springframework.org/schema/context"
       xmlns="http://www.springframework.org/schema/beans"
       xsi:schemaLocation="http://www.springframework.org/schema/beans
           http://www.springframework.org/schema/beans/spring-beans-3.2.xsd


           http://www.springframework.org/schema/context
           http://www.springframework.org/schema/context/spring-context-3.2.xsd">


    <!-- to activate annotations in beans already registered in the ApplicationContext -->
    <bean id="authLoadProps"
          class="com.aexp.gms.risk.authload.util.AuthLoadPropertyPlaceholderConfigurer">
        <property name="ignoreResourceNotFound" value="false"/>
        <property name="ignoreUnresolvablePlaceholders" value="true"/>
        <property name="locations">
            <list>
                <value>classpath:global.properties</value>
                <value>classpath:environment_${spring.profiles.active:e3}.properties
                </value>
            </list>
        </property>
        <!-- The below property is to make sure to override the property TRUSTSTOREPATH 
            which is in env properties file. This one actually comes from voltage utility 
            jar tlcm-util -->
        <property name="order" value="9999"/>
    </bean>

	<bean id="kafkaProducerConfig" class="com.aexp.gms.risk.authload.util.KafkaProducerConfig"/>

   
    <bean id="authLoadDAOImpl" class="com.aexp.gms.risk.authload.dao.AuthLoadDAOImpl">
       
    </bean>

    <bean id="cassandraAuthDAOImpl" class="com.aexp.gms.risk.data.CassandraAuthDAOImpl">
      

    </bean>

    <bean id="authLoadServiceImpl" class="com.aexp.gms.risk.authload.services.AuthLoadServiceImpl">
        <constructor-arg ref="authLoadDAOImpl"/>
        <constructor-arg ref="cassandraAuthDAOImpl"/>
        <constructor-arg ref="kafkaProducerConfig"/>
    </bean>



    <context:component-scan base-package="com.aexp.gms.risk.authload.*,com.aexp.gms.risk.kafka,com.aexp.gms.risk.encrypt"/>
    <bean class="org.springframework.context.support.PropertySourcesPlaceholderConfigurer">
        <property name="ignoreUnresolvablePlaceholders" value="true"/>
        <property name="locations">
            <list>
                <value>classpath:environment_e0.properties</value>
            </list>
        </property>
    </bean>
</beans>