<?xml version="1.0" encoding="UTF-8" standalone="yes"?>
<gridgain-license version="2.1">
    <id>3263ec83-4ea9-4ae6-9cbf-404dfa4c151c</id>
    <issue-date>03/30/2020</issue-date>
    <maintenance-time>0</maintenance-time>
    <user-org>American Express</user-org>
    <license-note>Enterprise License for AMEX ASM</license-note>
    <user-www>www.americanexpress.com</user-www>
    <user-email>faisal.mohamed@aexp.com</user-email>
    <user-name>Faisal Mohamed</user-name>
    <type>ENT</type>
    <expire-date>03/29/2021</expire-date>
    <max-nodes>0</max-nodes>
    <max-cpus>0</max-cpus>
    <max-computers>0</max-computers>
    <grace-period>86400</grace-period>
    <max-uptime>0</max-uptime>
    <signature>302C021459807FEC08507001DED31EFAB93690186D8AB6EA0214212D1C638CED5C184C86C5DA87383FD0B2E82C9D</signature>
    <profile name="servers">
        <client-mode>false</client-mode>
        <max-nodes>0</max-nodes>
        <max-cpus>112</max-cpus>
        <max-computers>0</max-computers>
    </profile>
    <profile name="clients">
        <client-mode>true</client-mode>
        <max-nodes>0</max-nodes>
        <max-cpus>0</max-cpus>
        <max-computers>0</max-computers>
    </profile>
</gridgain-license>
