<beans xmlns:xsi="http://www.w3.org/2001/XMLSchema-instance" xmlns:util="http://www.springframework.org/schema/util"
       xmlns="http://www.springframework.org/schema/beans"
       xsi:schemaLocation="http://www.springframework.org/schema/beans http://www.springframework.org/schema/beans/spring-beans.xsd
	http://www.springframework.org/schema/util http://www.springframework.org/schema/util/spring-util.xsd">

    <bean id="ignite.cfg" class="org.apache.ignite.configuration.IgniteConfiguration">
        <!--  
            <property name="sslContextFactory">
                <bean class="org.apache.ignite.ssl.SslContextFactory">
                    <property name="keyStoreFilePath"
                              value="/opt/app-root/.openshift/asm-imc-E2.jks"/>
                    <property name="keyStorePassword" value="amex100"/>
                    <property name="trustStoreFilePath"
                              value="/opt/app-root/.openshift/asm-truststore-e2.jks"/>
                    <property name="trustStorePassword" value="amex100"/>
                    <property name="protocol" value="TLSv1.2"/>
                </bean>
            </property>
        -->
        <!-- Set to true to enable distributed class loading for examples, default 
        is false. -->
        <property name="peerClassLoadingEnabled" value="true"/>
        <property name="clientMode" value="true"/>
        <property name="pluginConfigurations">
            <list>
                <bean class="org.gridgain.grid.configuration.GridGainConfiguration">
                    <property name="rollingUpdatesEnabled" value="true"/>
                    <property name="licenseUrl" value="classpath:gridgain-license.xml"/>
                    <!-- Unique ID of this data center -->
                    <property name="dataCenterId" value="2"/>
                </bean>
            </list>
        </property>
        <property name="binaryConfiguration">
            <bean class="org.apache.ignite.configuration.BinaryConfiguration">
                <property name="compactFooter" value="false"/>
            </bean>
        </property>
        <property name="deploymentSpi">
            <bean class="org.apache.ignite.spi.deployment.uri.UriDeploymentSpi">
                <!-- 
              <property name="temporaryDirectoryPath" value="/amex/gridgain/gridgain-binary/work/deployspitemp"/>
              <property name="uriList">
                <list>
                  <value>file://freq=20000@localhost/mnt/volume</value>
                </list>
              </property>
               -->
            </bean>
        </property>

        <property name="userAttributes">
            <util:map>
                <entry key="clientName" value="submissionsClient"/>
            </util:map>
        </property>
        <!-- Explicitly configure TCP discovery SPI to provide list of initial nodes. -->
        <property name="discoverySpi">
            <bean class="org.apache.ignite.spi.discovery.tcp.TcpDiscoverySpi">
                <property name="networkTimeout" value="36000"/>
                <property name="socketTimeout" value="36000"/>
                <property name="ackTimeout" value="36000"/>
                <property name="joinTimeout" value="36000"/>
                <property name="localPort" value="57550"/>
                <property name="localPortRange" value="20"/>
                <property name="ipFinder">
                    <bean class="org.apache.ignite.spi.discovery.tcp.ipfinder.vm.TcpDiscoveryVmIpFinder">
                        <property name="addresses">
                            <list>
                                <!-- IP Address and optional port range. You can also optionally specify an individual port. -->
                                <value>lpposput50157.phx.aexp.com:57550..57570</value>
                                <value>lpposput50158.phx.aexp.com:57550..57570</value>
                                <value>lpposput50159.phx.aexp.com:57550..57570</value>
                                <value>lpposput50160.phx.aexp.com:57550..57570</value>
                                <value>lpposput50161.phx.aexp.com:57550..57570</value>
                                <value>lpposput50162.phx.aexp.com:57550..57570</value>
                            </list>
                        </property>
                    </bean>
                </property>
            </bean>
        </property>

    </bean>
</beans>
