<?xml version="1.0" encoding="UTF-8"?>
<Configuration>
  <Appenders>
	 <!-- Enable for E0 Testing only
   <Console name="consoleAppender1" >
    </Console> 
     <Socket name="SocketAppender" host="elfinbox-dev.aexp.com"
      port="443" protocol="TCP" reconnectionDelayMillis="2000"
      immediateFail="true">
      <ELFSocketJsonLayout/>
      <SSL>
        <Truststore location="kafka01-client-truststore.jks"
          password="kafka123"/>
      </SSL>
    </Socket>
    <Console name="consoleAppender" >
      <ELFJsonLayout/>
    </Console>
     
    -->

 
    
     <RollingFile 
     name="rollingFileAppender" 
     fileName="/amex/gms/logs/AuthLoad/console.log"
     filePattern="/amex/gms/logs/AuthLoad/console.%d{yyyy-MM-dd}.%i.log"
     ignoreExceptions="false">
     <ELFJsonLayout/>
	<Policies>
        <OnStartupTriggeringPolicy />
        <SizeBasedTriggeringPolicy size="100 MB" />
        <TimeBasedTriggeringPolicy />
    </Policies>
         <DefaultRolloverStrategy fileIndex="nomax" />
    </RollingFile>

    <Async name="asyncAppender">
    <!-- Enable for E0 Testing only
    <AppenderRef ref="consoleAppender"/>
       <AppenderRef ref="SocketAppender"/>  -->
      
      <AppenderRef ref="rollingFileAppender"/>
    </Async>

    <ELFLog4j2Appender name="elfAppender">
      <AppenderRef ref="asyncAppender"/>
    </ELFLog4j2Appender>
  </Appenders>

  <Loggers>
    <Root level="INFO">
      <AppenderRef ref="elfAppender"/>
       <!-- Enable for E0 Testing only 
      <AppenderRef ref="consoleAppender1"/> -->
    </Root>
    <Logger name="com.aexp.sec.ssaashiped" level="ERROR">
      <AppenderRef ref="elfAppender"/>
    </Logger>
  </Loggers>
</Configuration>
